"準確度","分析變數","截止值","資料角色","事件","F1 評分","偽發現率","F0.5 評分","偽陰性率","偽陰性","偽陽性率","偽陽性","ROC 區隔","KS (Youden)","誤分類率 (事件)","1 - 特異度","分割指標","敏感度","特異度","真陰性","真陽性","目標名稱","有格式的分割"
"0.5000","P_Label1","0","TEST","           1","0.6667","0.5000","0.5556","0","0","1","10","0","0","0.5000","1","2","1","0","0","10","Label","           2"
"0.5000","P_Label1","0.0100","TEST","           1","0.6667","0.5000","0.5556","0","0","1","10","0","0","0.5000","1","2","1","0","0","10","Label","           2"
"0.5000","P_Label1","0.0200","TEST","           1","0.6667","0.5000","0.5556","0","0","1","10","0","0","0.5000","1","2","1","0","0","10","Label","           2"
"0.5000","P_Label1","0.0300","TEST","           1","0.6667","0.5000","0.5556","0","0","1","10","0","0","0.5000","1","2","1","0","0","10","Label","           2"
"0.5000","P_Label1","0.0400","TEST","           1","0.6667","0.5000","0.5556","0","0","1","10","0","0","0.5000","1","2","1","0","0","10","Label","           2"
"0.5000","P_Label1","0.0500","TEST","           1","0.6667","0.5000","0.5556","0","0","1","10","0","0","0.5000","1","2","1","0","0","10","Label","           2"
"0.5000","P_Label1","0.0600","TEST","           1","0.6667","0.5000","0.5556","0","0","1","10","0","0","0.5000","1","2","1","0","0","10","Label","           2"
"0.5000","P_Label1","0.0700","TEST","           1","0.6667","0.5000","0.5556","0","0","1","10","0","0","0.5000","1","2","1","0","0","10","Label","           2"
"0.5000","P_Label1","0.0800","TEST","           1","0.6667","0.5000","0.5556","0","0","1","10","0","0","0.5000","1","2","1","0","0","10","Label","           2"
"0.5000","P_Label1","0.0900","TEST","           1","0.6667","0.5000","0.5556","0","0","1","10","0","0","0.5000","1","2","1","0","0","10","Label","           2"
"0.5000","P_Label1","0.1000","TEST","           1","0.6667","0.5000","0.5556","0","0","1","10","0","0","0.5000","1","2","1","0","0","10","Label","           2"
"0.5000","P_Label1","0.1100","TEST","           1","0.6667","0.5000","0.5556","0","0","1","10","0","0","0.5000","1","2","1","0","0","10","Label","           2"
"0.5000","P_Label1","0.1200","TEST","           1","0.6667","0.5000","0.5556","0","0","1","10","0","0","0.5000","1","2","1","0","0","10","Label","           2"
"0.5000","P_Label1","0.1300","TEST","           1","0.6667","0.5000","0.5556","0","0","1","10","0","0","0.5000","1","2","1","0","0","10","Label","           2"
"0.5000","P_Label1","0.1400","TEST","           1","0.6667","0.5000","0.5556","0","0","1","10","0","0","0.5000","1","2","1","0","0","10","Label","           2"
"0.5000","P_Label1","0.1500","TEST","           1","0.6667","0.5000","0.5556","0","0","1","10","0","0","0.5000","1","2","1","0","0","10","Label","           2"
"0.5000","P_Label1","0.1600","TEST","           1","0.6667","0.5000","0.5556","0","0","1","10","0","0","0.5000","1","2","1","0","0","10","Label","           2"
"0.5000","P_Label1","0.1700","TEST","           1","0.6667","0.5000","0.5556","0","0","1","10","0","0","0.5000","1","2","1","0","0","10","Label","           2"
"0.5500","P_Label1","0.1800","TEST","           1","0.6897","0.4737","0.5814","0","0","0.9000","9","0.1000","0","0.4500","0.9000","2","1","0.1000","1","10","Label","           2"
"0.5500","P_Label1","0.1900","TEST","           1","0.6897","0.4737","0.5814","0","0","0.9000","9","0.1000","0","0.4500","0.9000","2","1","0.1000","1","10","Label","           2"
"0.5500","P_Label1","0.2000","TEST","           1","0.6897","0.4737","0.5814","0","0","0.9000","9","0.1000","0","0.4500","0.9000","2","1","0.1000","1","10","Label","           2"
"0.5500","P_Label1","0.2100","TEST","           1","0.6897","0.4737","0.5814","0","0","0.9000","9","0.1000","0","0.4500","0.9000","2","1","0.1000","1","10","Label","           2"
"0.5500","P_Label1","0.2200","TEST","           1","0.6897","0.4737","0.5814","0","0","0.9000","9","0.1000","0","0.4500","0.9000","2","1","0.1000","1","10","Label","           2"
"0.5500","P_Label1","0.2300","TEST","           1","0.6897","0.4737","0.5814","0","0","0.9000","9","0.1000","0","0.4500","0.9000","2","1","0.1000","1","10","Label","           2"
"0.5500","P_Label1","0.2400","TEST","           1","0.6897","0.4737","0.5814","0","0","0.9000","9","0.1000","0","0.4500","0.9000","2","1","0.1000","1","10","Label","           2"
"0.5500","P_Label1","0.2500","TEST","           1","0.6897","0.4737","0.5814","0","0","0.9000","9","0.1000","0","0.4500","0.9000","2","1","0.1000","1","10","Label","           2"
"0.5500","P_Label1","0.2600","TEST","           1","0.6897","0.4737","0.5814","0","0","0.9000","9","0.1000","0","0.4500","0.9000","2","1","0.1000","1","10","Label","           2"
"0.5500","P_Label1","0.2700","TEST","           1","0.6897","0.4737","0.5814","0","0","0.9000","9","0.1000","0","0.4500","0.9000","2","1","0.1000","1","10","Label","           2"
"0.5500","P_Label1","0.2800","TEST","           1","0.6897","0.4737","0.5814","0","0","0.9000","9","0.1000","0","0.4500","0.9000","2","1","0.1000","1","10","Label","           2"
"0.5500","P_Label1","0.2900","TEST","           1","0.6897","0.4737","0.5814","0","0","0.9000","9","0.1000","0","0.4500","0.9000","2","1","0.1000","1","10","Label","           2"
"0.5500","P_Label1","0.3000","TEST","           1","0.6897","0.4737","0.5814","0","0","0.9000","9","0.1000","0","0.4500","0.9000","2","1","0.1000","1","10","Label","           2"
"0.6000","P_Label1","0.3100","TEST","           1","0.7143","0.4444","0.6098","0","0","0.8000","8","0.2000","0","0.4000","0.8000","2","1","0.2000","2","10","Label","           2"
"0.6000","P_Label1","0.3200","TEST","           1","0.7143","0.4444","0.6098","0","0","0.8000","8","0.2000","0","0.4000","0.8000","2","1","0.2000","2","10","Label","           2"
"0.6500","P_Label1","0.3300","TEST","           1","0.7407","0.4118","0.6410","0","0","0.7000","7","0.3000","0","0.3500","0.7000","2","1","0.3000","3","10","Label","           2"
"0.7000","P_Label1","0.3400","TEST","           1","0.7692","0.3750","0.6757","0","0","0.6000","6","0.4000","0","0.3000","0.6000","2","1","0.4000","4","10","Label","           2"
"0.7000","P_Label1","0.3500","TEST","           1","0.7692","0.3750","0.6757","0","0","0.6000","6","0.4000","0","0.3000","0.6000","2","1","0.4000","4","10","Label","           2"
"0.7500","P_Label1","0.3600","TEST","           1","0.8000","0.3333","0.7143","0","0","0.5000","5","0.5000","0","0.2500","0.5000","2","1","0.5000","5","10","Label","           2"
"0.7500","P_Label1","0.3700","TEST","           1","0.8000","0.3333","0.7143","0","0","0.5000","5","0.5000","0","0.2500","0.5000","2","1","0.5000","5","10","Label","           2"
"0.7500","P_Label1","0.3800","TEST","           1","0.8000","0.3333","0.7143","0","0","0.5000","5","0.5000","0","0.2500","0.5000","2","1","0.5000","5","10","Label","           2"
"0.7000","P_Label1","0.3900","TEST","           1","0.7500","0.3571","0.6818","0.1000","1","0.5000","5","0.4000","0","0.3000","0.5000","2","0.9000","0.5000","5","9","Label","           2"
"0.7000","P_Label1","0.4000","TEST","           1","0.7500","0.3571","0.6818","0.1000","1","0.5000","5","0.4000","0","0.3000","0.5000","2","0.9000","0.5000","5","9","Label","           2"
"0.7000","P_Label1","0.4100","TEST","           1","0.7500","0.3571","0.6818","0.1000","1","0.5000","5","0.4000","0","0.3000","0.5000","2","0.9000","0.5000","5","9","Label","           2"
"0.7000","P_Label1","0.4200","TEST","           1","0.7500","0.3571","0.6818","0.1000","1","0.5000","5","0.4000","0","0.3000","0.5000","2","0.9000","0.5000","5","9","Label","           2"
"0.7000","P_Label1","0.4300","TEST","           1","0.7500","0.3571","0.6818","0.1000","1","0.5000","5","0.4000","0","0.3000","0.5000","2","0.9000","0.5000","5","9","Label","           2"
"0.8000","P_Label1","0.4400","TEST","           1","0.8182","0.2500","0.7759","0.1000","1","0.3000","3","0.6000","0","0.2000","0.3000","2","0.9000","0.7000","7","9","Label","           2"
"0.8000","P_Label1","0.4500","TEST","           1","0.8182","0.2500","0.7759","0.1000","1","0.3000","3","0.6000","0","0.2000","0.3000","2","0.9000","0.7000","7","9","Label","           2"
"0.8000","P_Label1","0.4600","TEST","           1","0.8182","0.2500","0.7759","0.1000","1","0.3000","3","0.6000","0","0.2000","0.3000","2","0.9000","0.7000","7","9","Label","           2"
"0.9000","P_Label1","0.4700","TEST","           1","0.9000","0.1000","0.9000","0.1000","1","0.1000","1","0.8000","1","0.1000","0.1000","2","0.9000","0.9000","9","9","Label","           2"
"0.9000","P_Label1","0.4800","TEST","           1","0.9000","0.1000","0.9000","0.1000","1","0.1000","1","0.8000","0","0.1000","0.1000","2","0.9000","0.9000","9","9","Label","           2"
"0.9000","P_Label1","0.4900","TEST","           1","0.9000","0.1000","0.9000","0.1000","1","0.1000","1","0.8000","0","0.1000","0.1000","2","0.9000","0.9000","9","9","Label","           2"
"0.9000","P_Label1","0.5000","TEST","           1","0.9000","0.1000","0.9000","0.1000","1","0.1000","1","0.8000","0","0.1000","0.1000","2","0.9000","0.9000","9","9","Label","           2"
"0.9000","P_Label1","0.5100","TEST","           1","0.9000","0.1000","0.9000","0.1000","1","0.1000","1","0.8000","0","0.1000","0.1000","2","0.9000","0.9000","9","9","Label","           2"
"0.9000","P_Label1","0.5200","TEST","           1","0.9000","0.1000","0.9000","0.1000","1","0.1000","1","0.8000","0","0.1000","0.1000","2","0.9000","0.9000","9","9","Label","           2"
"0.8500","P_Label1","0.5300","TEST","           1","0.8421","0.1111","0.8696","0.2000","2","0.1000","1","0.7000","0","0.1500","0.1000","2","0.8000","0.9000","9","8","Label","           2"
"0.8500","P_Label1","0.5400","TEST","           1","0.8421","0.1111","0.8696","0.2000","2","0.1000","1","0.7000","0","0.1500","0.1000","2","0.8000","0.9000","9","8","Label","           2"
"0.8000","P_Label1","0.5500","TEST","           1","0.7778","0.1250","0.8333","0.3000","3","0.1000","1","0.6000","0","0.2000","0.1000","2","0.7000","0.9000","9","7","Label","           2"
"0.8000","P_Label1","0.5600","TEST","           1","0.7778","0.1250","0.8333","0.3000","3","0.1000","1","0.6000","0","0.2000","0.1000","2","0.7000","0.9000","9","7","Label","           2"
"0.8000","P_Label1","0.5700","TEST","           1","0.7778","0.1250","0.8333","0.3000","3","0.1000","1","0.6000","0","0.2000","0.1000","2","0.7000","0.9000","9","7","Label","           2"
"0.7500","P_Label1","0.5800","TEST","           1","0.7059","0.1429","0.7895","0.4000","4","0.1000","1","0.5000","0","0.2500","0.1000","2","0.6000","0.9000","9","6","Label","           2"
"0.7000","P_Label1","0.5900","TEST","           1","0.6250","0.1667","0.7353","0.5000","5","0.1000","1","0.4000","0","0.3000","0.1000","2","0.5000","0.9000","9","5","Label","           2"
"0.7000","P_Label1","0.6000","TEST","           1","0.6250","0.1667","0.7353","0.5000","5","0.1000","1","0.4000","0","0.3000","0.1000","2","0.5000","0.9000","9","5","Label","           2"
"0.7000","P_Label1","0.6100","TEST","           1","0.6250","0.1667","0.7353","0.5000","5","0.1000","1","0.4000","0","0.3000","0.1000","2","0.5000","0.9000","9","5","Label","           2"
"0.7000","P_Label1","0.6200","TEST","           1","0.6250","0.1667","0.7353","0.5000","5","0.1000","1","0.4000","0","0.3000","0.1000","2","0.5000","0.9000","9","5","Label","           2"
"0.7000","P_Label1","0.6300","TEST","           1","0.6250","0.1667","0.7353","0.5000","5","0.1000","1","0.4000","0","0.3000","0.1000","2","0.5000","0.9000","9","5","Label","           2"
"0.7000","P_Label1","0.6400","TEST","           1","0.6250","0.1667","0.7353","0.5000","5","0.1000","1","0.4000","0","0.3000","0.1000","2","0.5000","0.9000","9","5","Label","           2"
"0.7000","P_Label1","0.6500","TEST","           1","0.6250","0.1667","0.7353","0.5000","5","0.1000","1","0.4000","0","0.3000","0.1000","2","0.5000","0.9000","9","5","Label","           2"
"0.7000","P_Label1","0.6600","TEST","           1","0.6250","0.1667","0.7353","0.5000","5","0.1000","1","0.4000","0","0.3000","0.1000","2","0.5000","0.9000","9","5","Label","           2"
"0.7000","P_Label1","0.6700","TEST","           1","0.6250","0.1667","0.7353","0.5000","5","0.1000","1","0.4000","0","0.3000","0.1000","2","0.5000","0.9000","9","5","Label","           2"
"0.7000","P_Label1","0.6800","TEST","           1","0.6250","0.1667","0.7353","0.5000","5","0.1000","1","0.4000","0","0.3000","0.1000","2","0.5000","0.9000","9","5","Label","           2"
"0.7000","P_Label1","0.6900","TEST","           1","0.6250","0.1667","0.7353","0.5000","5","0.1000","1","0.4000","0","0.3000","0.1000","2","0.5000","0.9000","9","5","Label","           2"
"0.7000","P_Label1","0.7000","TEST","           1","0.6250","0.1667","0.7353","0.5000","5","0.1000","1","0.4000","0","0.3000","0.1000","2","0.5000","0.9000","9","5","Label","           2"
"0.7000","P_Label1","0.7100","TEST","           1","0.6250","0.1667","0.7353","0.5000","5","0.1000","1","0.4000","0","0.3000","0.1000","2","0.5000","0.9000","9","5","Label","           2"
"0.7000","P_Label1","0.7200","TEST","           1","0.6250","0.1667","0.7353","0.5000","5","0.1000","1","0.4000","0","0.3000","0.1000","2","0.5000","0.9000","9","5","Label","           2"
"0.7000","P_Label1","0.7300","TEST","           1","0.6250","0.1667","0.7353","0.5000","5","0.1000","1","0.4000","0","0.3000","0.1000","2","0.5000","0.9000","9","5","Label","           2"
"0.6500","P_Label1","0.7400","TEST","           1","0.5333","0.2000","0.6667","0.6000","6","0.1000","1","0.3000","0","0.3500","0.1000","2","0.4000","0.9000","9","4","Label","           2"
"0.6500","P_Label1","0.7500","TEST","           1","0.5333","0.2000","0.6667","0.6000","6","0.1000","1","0.3000","0","0.3500","0.1000","2","0.4000","0.9000","9","4","Label","           2"
"0.6500","P_Label1","0.7600","TEST","           1","0.5333","0.2000","0.6667","0.6000","6","0.1000","1","0.3000","0","0.3500","0.1000","2","0.4000","0.9000","9","4","Label","           2"
"0.6000","P_Label1","0.7700","TEST","           1","0.4286","0.2500","0.5769","0.7000","7","0.1000","1","0.2000","0","0.4000","0.1000","2","0.3000","0.9000","9","3","Label","           2"
"0.5500","P_Label1","0.7800","TEST","           1","0.3077","0.3333","0.4545","0.8000","8","0.1000","1","0.1000","0","0.4500","0.1000","2","0.2000","0.9000","9","2","Label","           2"
"0.6000","P_Label1","0.7900","TEST","           1","0.3333","0","0.5556","0.8000","8","0","0","0.2000","0","0.4000","0","2","0.2000","1","10","2","Label","           2"
"0.6000","P_Label1","0.8000","TEST","           1","0.3333","0","0.5556","0.8000","8","0","0","0.2000","0","0.4000","0","2","0.2000","1","10","2","Label","           2"
"0.6000","P_Label1","0.8100","TEST","           1","0.3333","0","0.5556","0.8000","8","0","0","0.2000","0","0.4000","0","2","0.2000","1","10","2","Label","           2"
"0.6000","P_Label1","0.8200","TEST","           1","0.3333","0","0.5556","0.8000","8","0","0","0.2000","0","0.4000","0","2","0.2000","1","10","2","Label","           2"
"0.6000","P_Label1","0.8300","TEST","           1","0.3333","0","0.5556","0.8000","8","0","0","0.2000","0","0.4000","0","2","0.2000","1","10","2","Label","           2"
"0.5000","P_Label1","0.8400","TEST","           1","0","","0","1","10","0","0","0","0","0.5000","0","2","0","1","10","0","Label","           2"
"0.5000","P_Label1","0.8500","TEST","           1","0","","0","1","10","0","0","0","0","0.5000","0","2","0","1","10","0","Label","           2"
"0.5000","P_Label1","0.8600","TEST","           1","0","","0","1","10","0","0","0","0","0.5000","0","2","0","1","10","0","Label","           2"
"0.5000","P_Label1","0.8700","TEST","           1","0","","0","1","10","0","0","0","0","0.5000","0","2","0","1","10","0","Label","           2"
"0.5000","P_Label1","0.8800","TEST","           1","0","","0","1","10","0","0","0","0","0.5000","0","2","0","1","10","0","Label","           2"
"0.5000","P_Label1","0.8900","TEST","           1","0","","0","1","10","0","0","0","0","0.5000","0","2","0","1","10","0","Label","           2"
"0.5000","P_Label1","0.9000","TEST","           1","0","","0","1","10","0","0","0","0","0.5000","0","2","0","1","10","0","Label","           2"
"0.5000","P_Label1","0.9100","TEST","           1","0","","0","1","10","0","0","0","0","0.5000","0","2","0","1","10","0","Label","           2"
"0.5000","P_Label1","0.9200","TEST","           1","0","","0","1","10","0","0","0","0","0.5000","0","2","0","1","10","0","Label","           2"
"0.5000","P_Label1","0.9300","TEST","           1","0","","0","1","10","0","0","0","0","0.5000","0","2","0","1","10","0","Label","           2"
"0.5000","P_Label1","0.9400","TEST","           1","0","","0","1","10","0","0","0","0","0.5000","0","2","0","1","10","0","Label","           2"
"0.5000","P_Label1","0.9500","TEST","           1","0","","0","1","10","0","0","0","0","0.5000","0","2","0","1","10","0","Label","           2"
"0.5000","P_Label1","0.9600","TEST","           1","0","","0","1","10","0","0","0","0","0.5000","0","2","0","1","10","0","Label","           2"
"0.5000","P_Label1","0.9700","TEST","           1","0","","0","1","10","0","0","0","0","0.5000","0","2","0","1","10","0","Label","           2"
"0.5000","P_Label1","0.9800","TEST","           1","0","","0","1","10","0","0","0","0","0.5000","0","2","0","1","10","0","Label","           2"
"0.5000","P_Label1","0.9900","TEST","           1","0","","0","1","10","0","0","0","0","0.5000","0","2","0","1","10","0","Label","           2"
"0.5000","P_Label1","1","TEST","           1","0","","0","1","10","0","0","0","0","0.5000","0","2","0","1","10","0","Label","           2"
"","P_Label1","1","TEST","           1","","0","","1","","0","","","","0.5000","0","2","0","1","","","Label","           2"
"0.5000","P_Label1","0","TRAIN","           1","0.6667","0.5000","0.5556","0","0","1","63","0","0","0.5000","1","1","1","0","0","63","Label","           1"
"0.5000","P_Label1","0.0100","TRAIN","           1","0.6667","0.5000","0.5556","0","0","1","63","0","0","0.5000","1","1","1","0","0","63","Label","           1"
"0.5000","P_Label1","0.0200","TRAIN","           1","0.6667","0.5000","0.5556","0","0","1","63","0","0","0.5000","1","1","1","0","0","63","Label","           1"
"0.5000","P_Label1","0.0300","TRAIN","           1","0.6667","0.5000","0.5556","0","0","1","63","0","0","0.5000","1","1","1","0","0","63","Label","           1"
"0.5000","P_Label1","0.0400","TRAIN","           1","0.6667","0.5000","0.5556","0","0","1","63","0","0","0.5000","1","1","1","0","0","63","Label","           1"
"0.5000","P_Label1","0.0500","TRAIN","           1","0.6667","0.5000","0.5556","0","0","1","63","0","0","0.5000","1","1","1","0","0","63","Label","           1"
"0.5000","P_Label1","0.0600","TRAIN","           1","0.6667","0.5000","0.5556","0","0","1","63","0","0","0.5000","1","1","1","0","0","63","Label","           1"
"0.5000","P_Label1","0.0700","TRAIN","           1","0.6667","0.5000","0.5556","0","0","1","63","0","0","0.5000","1","1","1","0","0","63","Label","           1"
"0.5000","P_Label1","0.0800","TRAIN","           1","0.6667","0.5000","0.5556","0","0","1","63","0","0","0.5000","1","1","1","0","0","63","Label","           1"
"0.5000","P_Label1","0.0900","TRAIN","           1","0.6667","0.5000","0.5556","0","0","1","63","0","0","0.5000","1","1","1","0","0","63","Label","           1"
"0.5000","P_Label1","0.1000","TRAIN","           1","0.6667","0.5000","0.5556","0","0","1","63","0","0","0.5000","1","1","1","0","0","63","Label","           1"
"0.5000","P_Label1","0.1100","TRAIN","           1","0.6667","0.5000","0.5556","0","0","1","63","0","0","0.5000","1","1","1","0","0","63","Label","           1"
"0.5000","P_Label1","0.1200","TRAIN","           1","0.6667","0.5000","0.5556","0","0","1","63","0","0","0.5000","1","1","1","0","0","63","Label","           1"
"0.5000","P_Label1","0.1300","TRAIN","           1","0.6667","0.5000","0.5556","0","0","1","63","0","0","0.5000","1","1","1","0","0","63","Label","           1"
"0.5000","P_Label1","0.1400","TRAIN","           1","0.6667","0.5000","0.5556","0","0","1","63","0","0","0.5000","1","1","1","0","0","63","Label","           1"
"0.5079","P_Label1","0.1500","TRAIN","           1","0.6702","0.4960","0.5595","0","0","0.9841","62","0.0159","0","0.4921","0.9841","1","1","0.0159","1","63","Label","           1"
"0.5317","P_Label1","0.1600","TRAIN","           1","0.6811","0.4836","0.5717","0","0","0.9365","59","0.0635","0","0.4683","0.9365","1","1","0.0635","4","63","Label","           1"
"0.5635","P_Label1","0.1700","TRAIN","           1","0.6961","0.4661","0.5888","0","0","0.8730","55","0.1270","0","0.4365","0.8730","1","1","0.1270","8","63","Label","           1"
"0.5873","P_Label1","0.1800","TRAIN","           1","0.7079","0.4522","0.6023","0","0","0.8254","52","0.1746","0","0.4127","0.8254","1","1","0.1746","11","63","Label","           1"
"0.6587","P_Label1","0.1900","TRAIN","           1","0.7456","0.4057","0.6468","0","0","0.6825","43","0.3175","0","0.3413","0.6825","1","1","0.3175","20","63","Label","           1"
"0.6825","P_Label1","0.2000","TRAIN","           1","0.7590","0.3883","0.6632","0","0","0.6349","40","0.3651","0","0.3175","0.6349","1","1","0.3651","23","63","Label","           1"
"0.7143","P_Label1","0.2100","TRAIN","           1","0.7778","0.3636","0.6863","0","0","0.5714","36","0.4286","0","0.2857","0.5714","1","1","0.4286","27","63","Label","           1"
"0.7619","P_Label1","0.2200","TRAIN","           1","0.8077","0.3226","0.7241","0","0","0.4762","30","0.5238","0","0.2381","0.4762","1","1","0.5238","33","63","Label","           1"
"0.7778","P_Label1","0.2300","TRAIN","           1","0.8182","0.3077","0.7377","0","0","0.4444","28","0.5556","0","0.2222","0.4444","1","1","0.5556","35","63","Label","           1"
"0.7937","P_Label1","0.2400","TRAIN","           1","0.8289","0.2921","0.7518","0","0","0.4127","26","0.5873","0","0.2063","0.4127","1","1","0.5873","37","63","Label","           1"
"0.8016","P_Label1","0.2500","TRAIN","           1","0.8344","0.2841","0.7590","0","0","0.3968","25","0.6032","0","0.1984","0.3968","1","1","0.6032","38","63","Label","           1"
"0.8175","P_Label1","0.2600","TRAIN","           1","0.8456","0.2674","0.7740","0","0","0.3651","23","0.6349","0","0.1825","0.3651","1","1","0.6349","40","63","Label","           1"
"0.8254","P_Label1","0.2700","TRAIN","           1","0.8514","0.2588","0.7816","0","0","0.3492","22","0.6508","0","0.1746","0.3492","1","1","0.6508","41","63","Label","           1"
"0.8254","P_Label1","0.2800","TRAIN","           1","0.8514","0.2588","0.7816","0","0","0.3492","22","0.6508","0","0.1746","0.3492","1","1","0.6508","41","63","Label","           1"
"0.8651","P_Label1","0.2900","TRAIN","           1","0.8811","0.2125","0.8225","0","0","0.2698","17","0.7302","0","0.1349","0.2698","1","1","0.7302","46","63","Label","           1"
"0.8730","P_Label1","0.3000","TRAIN","           1","0.8873","0.2025","0.8311","0","0","0.2540","16","0.7460","0","0.1270","0.2540","1","1","0.7460","47","63","Label","           1"
"0.8968","P_Label1","0.3100","TRAIN","           1","0.9065","0.1711","0.8583","0","0","0.2063","13","0.7937","0","0.1032","0.2063","1","1","0.7937","50","63","Label","           1"
"0.9048","P_Label1","0.3200","TRAIN","           1","0.9130","0.1600","0.8678","0","0","0.1905","12","0.8095","0","0.0952","0.1905","1","1","0.8095","51","63","Label","           1"
"0.9206","P_Label1","0.3300","TRAIN","           1","0.9265","0.1370","0.8873","0","0","0.1587","10","0.8413","0","0.0794","0.1587","1","1","0.8413","53","63","Label","           1"
"0.9365","P_Label1","0.3400","TRAIN","           1","0.9403","0.1127","0.9078","0","0","0.1270","8","0.8730","0","0.0635","0.1270","1","1","0.8730","55","63","Label","           1"
"0.9365","P_Label1","0.3500","TRAIN","           1","0.9403","0.1127","0.9078","0","0","0.1270","8","0.8730","0","0.0635","0.1270","1","1","0.8730","55","63","Label","           1"
"0.9365","P_Label1","0.3600","TRAIN","           1","0.9403","0.1127","0.9078","0","0","0.1270","8","0.8730","0","0.0635","0.1270","1","1","0.8730","55","63","Label","           1"
"0.9524","P_Label1","0.3700","TRAIN","           1","0.9545","0.0870","0.9292","0","0","0.0952","6","0.9048","0","0.0476","0.0952","1","1","0.9048","57","63","Label","           1"
"0.9524","P_Label1","0.3800","TRAIN","           1","0.9545","0.0870","0.9292","0","0","0.0952","6","0.9048","0","0.0476","0.0952","1","1","0.9048","57","63","Label","           1"
"0.9603","P_Label1","0.3900","TRAIN","           1","0.9618","0.0735","0.9403","0","0","0.0794","5","0.9206","0","0.0397","0.0794","1","1","0.9206","58","63","Label","           1"
"0.9683","P_Label1","0.4000","TRAIN","           1","0.9692","0.0597","0.9517","0","0","0.0635","4","0.9365","0","0.0317","0.0635","1","1","0.9365","59","63","Label","           1"
"0.9762","P_Label1","0.4100","TRAIN","           1","0.9767","0.0455","0.9633","0","0","0.0476","3","0.9524","0","0.0238","0.0476","1","1","0.9524","60","63","Label","           1"
"0.9762","P_Label1","0.4200","TRAIN","           1","0.9767","0.0455","0.9633","0","0","0.0476","3","0.9524","0","0.0238","0.0476","1","1","0.9524","60","63","Label","           1"
"0.9921","P_Label1","0.4300","TRAIN","           1","0.9921","0.0156","0.9875","0","0","0.0159","1","0.9841","0","0.0079","0.0159","1","1","0.9841","62","63","Label","           1"
"0.9921","P_Label1","0.4400","TRAIN","           1","0.9921","0.0156","0.9875","0","0","0.0159","1","0.9841","0","0.0079","0.0159","1","1","0.9841","62","63","Label","           1"
"1","P_Label1","0.4500","TRAIN","           1","1","0","1","0","0","0","0","1","1","0","0","1","1","1","63","63","Label","           1"
"1","P_Label1","0.4600","TRAIN","           1","1","0","1","0","0","0","0","1","0","0","0","1","1","1","63","63","Label","           1"
"1","P_Label1","0.4700","TRAIN","           1","1","0","1","0","0","0","0","1","0","0","0","1","1","1","63","63","Label","           1"
"1","P_Label1","0.4800","TRAIN","           1","1","0","1","0","0","0","0","1","0","0","0","1","1","1","63","63","Label","           1"
"1","P_Label1","0.4900","TRAIN","           1","1","0","1","0","0","0","0","1","0","0","0","1","1","1","63","63","Label","           1"
"1","P_Label1","0.5000","TRAIN","           1","1","0","1","0","0","0","0","1","0","0","0","1","1","1","63","63","Label","           1"
"1","P_Label1","0.5100","TRAIN","           1","1","0","1","0","0","0","0","1","0","0","0","1","1","1","63","63","Label","           1"
"1","P_Label1","0.5200","TRAIN","           1","1","0","1","0","0","0","0","1","0","0","0","1","1","1","63","63","Label","           1"
"1","P_Label1","0.5300","TRAIN","           1","1","0","1","0","0","0","0","1","0","0","0","1","1","1","63","63","Label","           1"
"1","P_Label1","0.5400","TRAIN","           1","1","0","1","0","0","0","0","1","0","0","0","1","1","1","63","63","Label","           1"
"1","P_Label1","0.5500","TRAIN","           1","1","0","1","0","0","0","0","1","0","0","0","1","1","1","63","63","Label","           1"
"1","P_Label1","0.5600","TRAIN","           1","1","0","1","0","0","0","0","1","0","0","0","1","1","1","63","63","Label","           1"
"1","P_Label1","0.5700","TRAIN","           1","1","0","1","0","0","0","0","1","0","0","0","1","1","1","63","63","Label","           1"
"1","P_Label1","0.5800","TRAIN","           1","1","0","1","0","0","0","0","1","0","0","0","1","1","1","63","63","Label","           1"
"1","P_Label1","0.5900","TRAIN","           1","1","0","1","0","0","0","0","1","0","0","0","1","1","1","63","63","Label","           1"
"1","P_Label1","0.6000","TRAIN","           1","1","0","1","0","0","0","0","1","0","0","0","1","1","1","63","63","Label","           1"
"1","P_Label1","0.6100","TRAIN","           1","1","0","1","0","0","0","0","1","0","0","0","1","1","1","63","63","Label","           1"
"0.9921","P_Label1","0.6200","TRAIN","           1","0.9920","0","0.9968","0.0159","1","0","0","0.9841","0","0.0079","0","1","0.9841","1","63","62","Label","           1"
"0.9683","P_Label1","0.6300","TRAIN","           1","0.9672","0","0.9866","0.0635","4","0","0","0.9365","0","0.0317","0","1","0.9365","1","63","59","Label","           1"
"0.9603","P_Label1","0.6400","TRAIN","           1","0.9587","0","0.9831","0.0794","5","0","0","0.9206","0","0.0397","0","1","0.9206","1","63","58","Label","           1"
"0.9365","P_Label1","0.6500","TRAIN","           1","0.9322","0","0.9717","0.1270","8","0","0","0.8730","0","0.0635","0","1","0.8730","1","63","55","Label","           1"
"0.9286","P_Label1","0.6600","TRAIN","           1","0.9231","0","0.9677","0.1429","9","0","0","0.8571","0","0.0714","0","1","0.8571","1","63","54","Label","           1"
"0.9206","P_Label1","0.6700","TRAIN","           1","0.9138","0","0.9636","0.1587","10","0","0","0.8413","0","0.0794","0","1","0.8413","1","63","53","Label","           1"
"0.9127","P_Label1","0.6800","TRAIN","           1","0.9043","0","0.9594","0.1746","11","0","0","0.8254","0","0.0873","0","1","0.8254","1","63","52","Label","           1"
"0.9048","P_Label1","0.6900","TRAIN","           1","0.8947","0","0.9551","0.1905","12","0","0","0.8095","0","0.0952","0","1","0.8095","1","63","51","Label","           1"
"0.8889","P_Label1","0.7000","TRAIN","           1","0.8750","0","0.9459","0.2222","14","0","0","0.7778","0","0.1111","0","1","0.7778","1","63","49","Label","           1"
"0.8730","P_Label1","0.7100","TRAIN","           1","0.8545","0","0.9363","0.2540","16","0","0","0.7460","0","0.1270","0","1","0.7460","1","63","47","Label","           1"
"0.8730","P_Label1","0.7200","TRAIN","           1","0.8545","0","0.9363","0.2540","16","0","0","0.7460","0","0.1270","0","1","0.7460","1","63","47","Label","           1"
"0.8413","P_Label1","0.7300","TRAIN","           1","0.8113","0","0.9149","0.3175","20","0","0","0.6825","0","0.1587","0","1","0.6825","1","63","43","Label","           1"
"0.8254","P_Label1","0.7400","TRAIN","           1","0.7885","0","0.9031","0.3492","22","0","0","0.6508","0","0.1746","0","1","0.6508","1","63","41","Label","           1"
"0.8095","P_Label1","0.7500","TRAIN","           1","0.7647","0","0.8904","0.3810","24","0","0","0.6190","0","0.1905","0","1","0.6190","1","63","39","Label","           1"
"0.7937","P_Label1","0.7600","TRAIN","           1","0.7400","0","0.8768","0.4127","26","0","0","0.5873","0","0.2063","0","1","0.5873","1","63","37","Label","           1"
"0.7540","P_Label1","0.7700","TRAIN","           1","0.6737","0","0.8377","0.4921","31","0","0","0.5079","0","0.2460","0","1","0.5079","1","63","32","Label","           1"
"0.7063","P_Label1","0.7800","TRAIN","           1","0.5843","0","0.7784","0.5873","37","0","0","0.4127","0","0.2937","0","1","0.4127","1","63","26","Label","           1"
"0.6349","P_Label1","0.7900","TRAIN","           1","0.4250","0","0.6489","0.7302","46","0","0","0.2698","0","0.3651","0","1","0.2698","1","63","17","Label","           1"
"0.6190","P_Label1","0.8000","TRAIN","           1","0.3846","0","0.6098","0.7619","48","0","0","0.2381","0","0.3810","0","1","0.2381","1","63","15","Label","           1"
"0.5952","P_Label1","0.8100","TRAIN","           1","0.3200","0","0.5405","0.8095","51","0","0","0.1905","0","0.4048","0","1","0.1905","1","63","12","Label","           1"
"0.5794","P_Label1","0.8200","TRAIN","           1","0.2740","0","0.4854","0.8413","53","0","0","0.1587","0","0.4206","0","1","0.1587","1","63","10","Label","           1"
"0.5238","P_Label1","0.8300","TRAIN","           1","0.0909","0","0.2000","0.9524","60","0","0","0.0476","0","0.4762","0","1","0.0476","1","63","3","Label","           1"
"0.5079","P_Label1","0.8400","TRAIN","           1","0.0313","0","0.0746","0.9841","62","0","0","0.0159","0","0.4921","0","1","0.0159","1","63","1","Label","           1"
"0.5000","P_Label1","0.8500","TRAIN","           1","0","","0","1","63","0","0","0","0","0.5000","0","1","0","1","63","0","Label","           1"
"0.5000","P_Label1","0.8600","TRAIN","           1","0","","0","1","63","0","0","0","0","0.5000","0","1","0","1","63","0","Label","           1"
"0.5000","P_Label1","0.8700","TRAIN","           1","0","","0","1","63","0","0","0","0","0.5000","0","1","0","1","63","0","Label","           1"
"0.5000","P_Label1","0.8800","TRAIN","           1","0","","0","1","63","0","0","0","0","0.5000","0","1","0","1","63","0","Label","           1"
"0.5000","P_Label1","0.8900","TRAIN","           1","0","","0","1","63","0","0","0","0","0.5000","0","1","0","1","63","0","Label","           1"
"0.5000","P_Label1","0.9000","TRAIN","           1","0","","0","1","63","0","0","0","0","0.5000","0","1","0","1","63","0","Label","           1"
"0.5000","P_Label1","0.9100","TRAIN","           1","0","","0","1","63","0","0","0","0","0.5000","0","1","0","1","63","0","Label","           1"
"0.5000","P_Label1","0.9200","TRAIN","           1","0","","0","1","63","0","0","0","0","0.5000","0","1","0","1","63","0","Label","           1"
"0.5000","P_Label1","0.9300","TRAIN","           1","0","","0","1","63","0","0","0","0","0.5000","0","1","0","1","63","0","Label","           1"
"0.5000","P_Label1","0.9400","TRAIN","           1","0","","0","1","63","0","0","0","0","0.5000","0","1","0","1","63","0","Label","           1"
"0.5000","P_Label1","0.9500","TRAIN","           1","0","","0","1","63","0","0","0","0","0.5000","0","1","0","1","63","0","Label","           1"
"0.5000","P_Label1","0.9600","TRAIN","           1","0","","0","1","63","0","0","0","0","0.5000","0","1","0","1","63","0","Label","           1"
"0.5000","P_Label1","0.9700","TRAIN","           1","0","","0","1","63","0","0","0","0","0.5000","0","1","0","1","63","0","Label","           1"
"0.5000","P_Label1","0.9800","TRAIN","           1","0","","0","1","63","0","0","0","0","0.5000","0","1","0","1","63","0","Label","           1"
"0.5000","P_Label1","0.9900","TRAIN","           1","0","","0","1","63","0","0","0","0","0.5000","0","1","0","1","63","0","Label","           1"
"0.5000","P_Label1","1","TRAIN","           1","0","","0","1","63","0","0","0","0","0.5000","0","1","0","1","63","0","Label","           1"
"","P_Label1","1","TRAIN","           1","","0","","1","","0","","","","0.5000","0","1","0","1","","","Label","           1"
"0.5000","P_Label1","0","VALIDATE","           1","0.6667","0.5000","0.5556","0","0","1","31","0","0","0.5000","1","0","1","0","0","31","Label","           0"
"0.5000","P_Label1","0.0100","VALIDATE","           1","0.6667","0.5000","0.5556","0","0","1","31","0","0","0.5000","1","0","1","0","0","31","Label","           0"
"0.5000","P_Label1","0.0200","VALIDATE","           1","0.6667","0.5000","0.5556","0","0","1","31","0","0","0.5000","1","0","1","0","0","31","Label","           0"
"0.5000","P_Label1","0.0300","VALIDATE","           1","0.6667","0.5000","0.5556","0","0","1","31","0","0","0.5000","1","0","1","0","0","31","Label","           0"
"0.5000","P_Label1","0.0400","VALIDATE","           1","0.6667","0.5000","0.5556","0","0","1","31","0","0","0.5000","1","0","1","0","0","31","Label","           0"
"0.5000","P_Label1","0.0500","VALIDATE","           1","0.6667","0.5000","0.5556","0","0","1","31","0","0","0.5000","1","0","1","0","0","31","Label","           0"
"0.5000","P_Label1","0.0600","VALIDATE","           1","0.6667","0.5000","0.5556","0","0","1","31","0","0","0.5000","1","0","1","0","0","31","Label","           0"
"0.5000","P_Label1","0.0700","VALIDATE","           1","0.6667","0.5000","0.5556","0","0","1","31","0","0","0.5000","1","0","1","0","0","31","Label","           0"
"0.5000","P_Label1","0.0800","VALIDATE","           1","0.6667","0.5000","0.5556","0","0","1","31","0","0","0.5000","1","0","1","0","0","31","Label","           0"
"0.5000","P_Label1","0.0900","VALIDATE","           1","0.6667","0.5000","0.5556","0","0","1","31","0","0","0.5000","1","0","1","0","0","31","Label","           0"
"0.5000","P_Label1","0.1000","VALIDATE","           1","0.6667","0.5000","0.5556","0","0","1","31","0","0","0.5000","1","0","1","0","0","31","Label","           0"
"0.5000","P_Label1","0.1100","VALIDATE","           1","0.6667","0.5000","0.5556","0","0","1","31","0","0","0.5000","1","0","1","0","0","31","Label","           0"
"0.5000","P_Label1","0.1200","VALIDATE","           1","0.6667","0.5000","0.5556","0","0","1","31","0","0","0.5000","1","0","1","0","0","31","Label","           0"
"0.5000","P_Label1","0.1300","VALIDATE","           1","0.6667","0.5000","0.5556","0","0","1","31","0","0","0.5000","1","0","1","0","0","31","Label","           0"
"0.5000","P_Label1","0.1400","VALIDATE","           1","0.6667","0.5000","0.5556","0","0","1","31","0","0","0.5000","1","0","1","0","0","31","Label","           0"
"0.5000","P_Label1","0.1500","VALIDATE","           1","0.6667","0.5000","0.5556","0","0","1","31","0","0","0.5000","1","0","1","0","0","31","Label","           0"
"0.4839","P_Label1","0.1600","VALIDATE","           1","0.6522","0.5082","0.5455","0.0323","1","1","31","-0.0323","0","0.5161","1","0","0.9677","0","0","30","Label","           0"
"0.4839","P_Label1","0.1700","VALIDATE","           1","0.6522","0.5082","0.5455","0.0323","1","1","31","-0.0323","0","0.5161","1","0","0.9677","0","0","30","Label","           0"
"0.4839","P_Label1","0.1800","VALIDATE","           1","0.6522","0.5082","0.5455","0.0323","1","1","31","-0.0323","0","0.5161","1","0","0.9677","0","0","30","Label","           0"
"0.4839","P_Label1","0.1900","VALIDATE","           1","0.6522","0.5082","0.5455","0.0323","1","1","31","-0.0323","0","0.5161","1","0","0.9677","0","0","30","Label","           0"
"0.4839","P_Label1","0.2000","VALIDATE","           1","0.6522","0.5082","0.5455","0.0323","1","1","31","-0.0323","0","0.5161","1","0","0.9677","0","0","30","Label","           0"
"0.4839","P_Label1","0.2100","VALIDATE","           1","0.6522","0.5082","0.5455","0.0323","1","1","31","-0.0323","0","0.5161","1","0","0.9677","0","0","30","Label","           0"
"0.4839","P_Label1","0.2200","VALIDATE","           1","0.6522","0.5082","0.5455","0.0323","1","1","31","-0.0323","0","0.5161","1","0","0.9677","0","0","30","Label","           0"
"0.4839","P_Label1","0.2300","VALIDATE","           1","0.6522","0.5082","0.5455","0.0323","1","1","31","-0.0323","0","0.5161","1","0","0.9677","0","0","30","Label","           0"
"0.5000","P_Label1","0.2400","VALIDATE","           1","0.6593","0.5000","0.5535","0.0323","1","0.9677","30","0.0000","0","0.5000","0.9677","0","0.9677","0.0323","1","30","Label","           0"
"0.5000","P_Label1","0.2500","VALIDATE","           1","0.6593","0.5000","0.5535","0.0323","1","0.9677","30","0.0000","0","0.5000","0.9677","0","0.9677","0.0323","1","30","Label","           0"
"0.5000","P_Label1","0.2600","VALIDATE","           1","0.6593","0.5000","0.5535","0.0323","1","0.9677","30","0.0000","0","0.5000","0.9677","0","0.9677","0.0323","1","30","Label","           0"
"0.5000","P_Label1","0.2700","VALIDATE","           1","0.6593","0.5000","0.5535","0.0323","1","0.9677","30","0.0000","0","0.5000","0.9677","0","0.9677","0.0323","1","30","Label","           0"
"0.5484","P_Label1","0.2800","VALIDATE","           1","0.6818","0.4737","0.5792","0.0323","1","0.8710","27","0.0968","0","0.4516","0.8710","0","0.9677","0.1290","4","30","Label","           0"
"0.5484","P_Label1","0.2900","VALIDATE","           1","0.6818","0.4737","0.5792","0.0323","1","0.8710","27","0.0968","0","0.4516","0.8710","0","0.9677","0.1290","4","30","Label","           0"
"0.5484","P_Label1","0.3000","VALIDATE","           1","0.6818","0.4737","0.5792","0.0323","1","0.8710","27","0.0968","0","0.4516","0.8710","0","0.9677","0.1290","4","30","Label","           0"
"0.5645","P_Label1","0.3100","VALIDATE","           1","0.6897","0.4643","0.5882","0.0323","1","0.8387","26","0.1290","0","0.4355","0.8387","0","0.9677","0.1613","5","30","Label","           0"
"0.5806","P_Label1","0.3200","VALIDATE","           1","0.6977","0.4545","0.5976","0.0323","1","0.8065","25","0.1613","0","0.4194","0.8065","0","0.9677","0.1935","6","30","Label","           0"
"0.5968","P_Label1","0.3300","VALIDATE","           1","0.7059","0.4444","0.6073","0.0323","1","0.7742","24","0.1935","0","0.4032","0.7742","0","0.9677","0.2258","7","30","Label","           0"
"0.5968","P_Label1","0.3400","VALIDATE","           1","0.7059","0.4444","0.6073","0.0323","1","0.7742","24","0.1935","0","0.4032","0.7742","0","0.9677","0.2258","7","30","Label","           0"
"0.5806","P_Label1","0.3500","VALIDATE","           1","0.6905","0.4528","0.5967","0.0645","2","0.7742","24","0.1613","0","0.4194","0.7742","0","0.9355","0.2258","7","29","Label","           0"
"0.6129","P_Label1","0.3600","VALIDATE","           1","0.7073","0.4314","0.6170","0.0645","2","0.7097","22","0.2258","0","0.3871","0.7097","0","0.9355","0.2903","9","29","Label","           0"
"0.5806","P_Label1","0.3700","VALIDATE","           1","0.6750","0.4490","0.5947","0.1290","4","0.7097","22","0.1613","0","0.4194","0.7097","0","0.8710","0.2903","9","27","Label","           0"
"0.5968","P_Label1","0.3800","VALIDATE","           1","0.6835","0.4375","0.6054","0.1290","4","0.6774","21","0.1935","0","0.4032","0.6774","0","0.8710","0.3226","10","27","Label","           0"
"0.6129","P_Label1","0.3900","VALIDATE","           1","0.6923","0.4255","0.6164","0.1290","4","0.6452","20","0.2258","0","0.3871","0.6452","0","0.8710","0.3548","11","27","Label","           0"
"0.6129","P_Label1","0.4000","VALIDATE","           1","0.6842","0.4222","0.6161","0.1613","5","0.6129","19","0.2258","0","0.3871","0.6129","0","0.8387","0.3871","12","26","Label","           0"
"0.6129","P_Label1","0.4100","VALIDATE","           1","0.6842","0.4222","0.6161","0.1613","5","0.6129","19","0.2258","0","0.3871","0.6129","0","0.8387","0.3871","12","26","Label","           0"
"0.6290","P_Label1","0.4200","VALIDATE","           1","0.6933","0.4091","0.6280","0.1613","5","0.5806","18","0.2581","0","0.3710","0.5806","0","0.8387","0.4194","13","26","Label","           0"
"0.6290","P_Label1","0.4300","VALIDATE","           1","0.6933","0.4091","0.6280","0.1613","5","0.5806","18","0.2581","0","0.3710","0.5806","0","0.8387","0.4194","13","26","Label","           0"
"0.6613","P_Label1","0.4400","VALIDATE","           1","0.7123","0.3810","0.6533","0.1613","5","0.5161","16","0.3226","1","0.3387","0.5161","0","0.8387","0.4839","15","26","Label","           0"
"0.6613","P_Label1","0.4500","VALIDATE","           1","0.7042","0.3750","0.6545","0.1935","6","0.4839","15","0.3226","0","0.3387","0.4839","0","0.8065","0.5161","16","25","Label","           0"
"0.6613","P_Label1","0.4600","VALIDATE","           1","0.6866","0.3611","0.6571","0.2581","8","0.4194","13","0.3226","0","0.3387","0.4194","0","0.7419","0.5806","18","23","Label","           0"
"0.6452","P_Label1","0.4700","VALIDATE","           1","0.6667","0.3714","0.6433","0.2903","9","0.4194","13","0.2903","0","0.3548","0.4194","0","0.7097","0.5806","18","22","Label","           0"
"0.6452","P_Label1","0.4800","VALIDATE","           1","0.6667","0.3714","0.6433","0.2903","9","0.4194","13","0.2903","0","0.3548","0.4194","0","0.7097","0.5806","18","22","Label","           0"
"0.6290","P_Label1","0.4900","VALIDATE","           1","0.6462","0.3824","0.6287","0.3226","10","0.4194","13","0.2581","0","0.3710","0.4194","0","0.6774","0.5806","18","21","Label","           0"
"0.6290","P_Label1","0.5000","VALIDATE","           1","0.6462","0.3824","0.6287","0.3226","10","0.4194","13","0.2581","0","0.3710","0.4194","0","0.6774","0.5806","18","21","Label","           0"
"0.6452","P_Label1","0.5100","VALIDATE","           1","0.6452","0.3548","0.6452","0.3548","11","0.3548","11","0.2903","0","0.3548","0.3548","0","0.6452","0.6452","20","20","Label","           0"
"0.6452","P_Label1","0.5200","VALIDATE","           1","0.6452","0.3548","0.6452","0.3548","11","0.3548","11","0.2903","0","0.3548","0.3548","0","0.6452","0.6452","20","20","Label","           0"
"0.6452","P_Label1","0.5300","VALIDATE","           1","0.6452","0.3548","0.6452","0.3548","11","0.3548","11","0.2903","0","0.3548","0.3548","0","0.6452","0.6452","20","20","Label","           0"
"0.6452","P_Label1","0.5400","VALIDATE","           1","0.6452","0.3548","0.6452","0.3548","11","0.3548","11","0.2903","0","0.3548","0.3548","0","0.6452","0.6452","20","20","Label","           0"
"0.6290","P_Label1","0.5500","VALIDATE","           1","0.6230","0.3667","0.6291","0.3871","12","0.3548","11","0.2581","0","0.3710","0.3548","0","0.6129","0.6452","20","19","Label","           0"
"0.6129","P_Label1","0.5600","VALIDATE","           1","0.6000","0.3793","0.6122","0.4194","13","0.3548","11","0.2258","0","0.3871","0.3548","0","0.5806","0.6452","20","18","Label","           0"
"0.5968","P_Label1","0.5700","VALIDATE","           1","0.5763","0.3929","0.5944","0.4516","14","0.3548","11","0.1935","0","0.4032","0.3548","0","0.5484","0.6452","20","17","Label","           0"
"0.5806","P_Label1","0.5800","VALIDATE","           1","0.5357","0.4000","0.5725","0.5161","16","0.3226","10","0.1613","0","0.4194","0.3226","0","0.4839","0.6774","21","15","Label","           0"
"0.5645","P_Label1","0.5900","VALIDATE","           1","0.5091","0.4167","0.5512","0.5484","17","0.3226","10","0.1290","0","0.4355","0.3226","0","0.4516","0.6774","21","14","Label","           0"
"0.5645","P_Label1","0.6000","VALIDATE","           1","0.4906","0.4091","0.5462","0.5806","18","0.2903","9","0.1290","0","0.4355","0.2903","0","0.4194","0.7097","22","13","Label","           0"
"0.5645","P_Label1","0.6100","VALIDATE","           1","0.4906","0.4091","0.5462","0.5806","18","0.2903","9","0.1290","0","0.4355","0.2903","0","0.4194","0.7097","22","13","Label","           0"
"0.5484","P_Label1","0.6200","VALIDATE","           1","0.4615","0.4286","0.5217","0.6129","19","0.2903","9","0.0968","0","0.4516","0.2903","0","0.3871","0.7097","22","12","Label","           0"
"0.5484","P_Label1","0.6300","VALIDATE","           1","0.4615","0.4286","0.5217","0.6129","19","0.2903","9","0.0968","0","0.4516","0.2903","0","0.3871","0.7097","22","12","Label","           0"
"0.5484","P_Label1","0.6400","VALIDATE","           1","0.4615","0.4286","0.5217","0.6129","19","0.2903","9","0.0968","0","0.4516","0.2903","0","0.3871","0.7097","22","12","Label","           0"
"0.5806","P_Label1","0.6500","VALIDATE","           1","0.4800","0.3684","0.5607","0.6129","19","0.2258","7","0.1613","0","0.4194","0.2258","0","0.3871","0.7742","24","12","Label","           0"
"0.6129","P_Label1","0.6600","VALIDATE","           1","0.5000","0.2941","0.6061","0.6129","19","0.1613","5","0.2258","0","0.3871","0.1613","0","0.3871","0.8387","26","12","Label","           0"
"0.6129","P_Label1","0.6700","VALIDATE","           1","0.5000","0.2941","0.6061","0.6129","19","0.1613","5","0.2258","0","0.3871","0.1613","0","0.3871","0.8387","26","12","Label","           0"
"0.6129","P_Label1","0.6800","VALIDATE","           1","0.4783","0.2667","0.6044","0.6452","20","0.1290","4","0.2258","0","0.3871","0.1290","0","0.3548","0.8710","27","11","Label","           0"
"0.5806","P_Label1","0.6900","VALIDATE","           1","0.4091","0.3077","0.5422","0.7097","22","0.1290","4","0.1613","0","0.4194","0.1290","0","0.2903","0.8710","27","9","Label","           0"
"0.5645","P_Label1","0.7000","VALIDATE","           1","0.3721","0.3333","0.5063","0.7419","23","0.1290","4","0.1290","0","0.4355","0.1290","0","0.2581","0.8710","27","8","Label","           0"
"0.5806","P_Label1","0.7100","VALIDATE","           1","0.3810","0.2727","0.5333","0.7419","23","0.0968","3","0.1613","0","0.4194","0.0968","0","0.2581","0.9032","28","8","Label","           0"
"0.5645","P_Label1","0.7200","VALIDATE","           1","0.3415","0.3000","0.4930","0.7742","24","0.0968","3","0.1290","0","0.4355","0.0968","0","0.2258","0.9032","28","7","Label","           0"
"0.5484","P_Label1","0.7300","VALIDATE","           1","0.3000","0.3333","0.4478","0.8065","25","0.0968","3","0.0968","0","0.4516","0.0968","0","0.1935","0.9032","28","6","Label","           0"
"0.5645","P_Label1","0.7400","VALIDATE","           1","0.3077","0.2500","0.4762","0.8065","25","0.0645","2","0.1290","0","0.4355","0.0645","0","0.1935","0.9355","29","6","Label","           0"
"0.5645","P_Label1","0.7500","VALIDATE","           1","0.3077","0.2500","0.4762","0.8065","25","0.0645","2","0.1290","0","0.4355","0.0645","0","0.1935","0.9355","29","6","Label","           0"
"0.5645","P_Label1","0.7600","VALIDATE","           1","0.3077","0.2500","0.4762","0.8065","25","0.0645","2","0.1290","0","0.4355","0.0645","0","0.1935","0.9355","29","6","Label","           0"
"0.5484","P_Label1","0.7700","VALIDATE","           1","0.2222","0.2000","0.3922","0.8710","27","0.0323","1","0.0968","0","0.4516","0.0323","0","0.1290","0.9677","30","4","Label","           0"
"0.5645","P_Label1","0.7800","VALIDATE","           1","0.2286","0","0.4255","0.8710","27","0","0","0.1290","0","0.4355","0","0","0.1290","1","31","4","Label","           0"
"0.5161","P_Label1","0.7900","VALIDATE","           1","0.0625","0","0.1429","0.9677","30","0","0","0.0323","0","0.4839","0","0","0.0323","1","31","1","Label","           0"
"0.5161","P_Label1","0.8000","VALIDATE","           1","0.0625","0","0.1429","0.9677","30","0","0","0.0323","0","0.4839","0","0","0.0323","1","31","1","Label","           0"
"0.5161","P_Label1","0.8100","VALIDATE","           1","0.0625","0","0.1429","0.9677","30","0","0","0.0323","0","0.4839","0","0","0.0323","1","31","1","Label","           0"
"0.5161","P_Label1","0.8200","VALIDATE","           1","0.0625","0","0.1429","0.9677","30","0","0","0.0323","0","0.4839","0","0","0.0323","1","31","1","Label","           0"
"0.5000","P_Label1","0.8300","VALIDATE","           1","0","","0","1","31","0","0","0","0","0.5000","0","0","0","1","31","0","Label","           0"
"0.5000","P_Label1","0.8400","VALIDATE","           1","0","","0","1","31","0","0","0","0","0.5000","0","0","0","1","31","0","Label","           0"
"0.5000","P_Label1","0.8500","VALIDATE","           1","0","","0","1","31","0","0","0","0","0.5000","0","0","0","1","31","0","Label","           0"
"0.5000","P_Label1","0.8600","VALIDATE","           1","0","","0","1","31","0","0","0","0","0.5000","0","0","0","1","31","0","Label","           0"
"0.5000","P_Label1","0.8700","VALIDATE","           1","0","","0","1","31","0","0","0","0","0.5000","0","0","0","1","31","0","Label","           0"
"0.5000","P_Label1","0.8800","VALIDATE","           1","0","","0","1","31","0","0","0","0","0.5000","0","0","0","1","31","0","Label","           0"
"0.5000","P_Label1","0.8900","VALIDATE","           1","0","","0","1","31","0","0","0","0","0.5000","0","0","0","1","31","0","Label","           0"
"0.5000","P_Label1","0.9000","VALIDATE","           1","0","","0","1","31","0","0","0","0","0.5000","0","0","0","1","31","0","Label","           0"
"0.5000","P_Label1","0.9100","VALIDATE","           1","0","","0","1","31","0","0","0","0","0.5000","0","0","0","1","31","0","Label","           0"
"0.5000","P_Label1","0.9200","VALIDATE","           1","0","","0","1","31","0","0","0","0","0.5000","0","0","0","1","31","0","Label","           0"
"0.5000","P_Label1","0.9300","VALIDATE","           1","0","","0","1","31","0","0","0","0","0.5000","0","0","0","1","31","0","Label","           0"
"0.5000","P_Label1","0.9400","VALIDATE","           1","0","","0","1","31","0","0","0","0","0.5000","0","0","0","1","31","0","Label","           0"
"0.5000","P_Label1","0.9500","VALIDATE","           1","0","","0","1","31","0","0","0","0","0.5000","0","0","0","1","31","0","Label","           0"
"0.5000","P_Label1","0.9600","VALIDATE","           1","0","","0","1","31","0","0","0","0","0.5000","0","0","0","1","31","0","Label","           0"
"0.5000","P_Label1","0.9700","VALIDATE","           1","0","","0","1","31","0","0","0","0","0.5000","0","0","0","1","31","0","Label","           0"
"0.5000","P_Label1","0.9800","VALIDATE","           1","0","","0","1","31","0","0","0","0","0.5000","0","0","0","1","31","0","Label","           0"
"0.5000","P_Label1","0.9900","VALIDATE","           1","0","","0","1","31","0","0","0","0","0.5000","0","0","0","1","31","0","Label","           0"
"0.5000","P_Label1","1","VALIDATE","           1","0","","0","1","31","0","0","0","0","0.5000","0","0","0","1","31","0","Label","           0"
"","P_Label1","1","VALIDATE","           1","","0","","1","","0","","","","0.5000","0","0","0","1","","","Label","           0"
